{"baseline": {"So11111111111111111111111111111111111111112": 177.16887429667432}, "last": {"So11111111111111111111111111111111111111112": 178.40172395896488}}